stratum	platform	bases	truth_TP	FP	FN	precision	sensitivity	F	n_truth	sens_exact	sens_lo	sens_hi
all_benchmark_regions	illumina	4914359	6969	50	86	0.9929	0.9878	0.9903	7055	0.9878100637845499	0.9849709338574132	0.9901182365809772
all_benchmark_regions	pacbio	4914359	7044	9	11	0.9987	0.9984	0.9986	7055	0.9984408221119773	0.9972099720724105	0.9991291439661191
all_benchmark_regions	ont	4914359	6066	173	989	0.9723	0.8598	0.9126	7055	0.8598157335223245	0.8515183539910188	0.8677214714216946
homopolymer_4to6	illumina	1352416	1795	17	27	0.9906	0.9852	0.9879	1822	0.9851811196487377	0.9785247594854733	0.9897958221027654
homopolymer_4to6	pacbio	1352416	1821	0	1	1.0	0.9995	0.9997	1822	0.9994511525795828	0.9968974878188626	0.9999031108749123
homopolymer_4to6	ont	1352416	1488	56	334	0.9638	0.8167	0.8841	1822	0.8166849615806806	0.7982580898130017	0.8337792128752491
homopolymer_7to11	illumina	82045	355	2	2	0.9944	0.9944	0.9944	357	0.9943977591036415	0.9798062321518489	0.9984623488543324
homopolymer_7to11	pacbio	82045	355	1	2	0.9972	0.9944	0.9958	357	0.9943977591036415	0.9798062321518489	0.9984623488543324
homopolymer_7to11	ont	82045	83	107	274	0.4368	0.2325	0.3035	357	0.23249299719887956	0.19166230587122884	0.2790195667288262
homopolymer_ge12	illumina	13421	212	15	17	0.9339	0.9258	0.9298	229	0.925764192139738	0.8843416367068598	0.9531375766295888
homopolymer_ge12	pacbio	13421	223	2	6	0.9911	0.9738	0.9824	229	0.9737991266375546	0.9440260882227658	0.9879379594388205
homopolymer_ge12	ont	13421	13	31	216	0.2955	0.0568	0.0952	229	0.056768558951965066	0.03347221667167852	0.09469044841909566
tandem_repeats	illumina	94128	310	14	13	0.9569	0.9598	0.9583	323	0.9597523219814241	0.9323662444863083	0.9763308124366781
tandem_repeats	pacbio	94128	319	6	4	0.9816	0.9876	0.9846	323	0.9876160990712074	0.9685956372755666	0.9951739685518433
tandem_repeats	ont	94128	146	2	177	0.9865	0.452	0.62	323	0.4520123839009288	0.39861644949898	0.5065363829434018
not_in_repeats_or_homopolymers	illumina	4701556	6067	19	54	0.9969	0.9912	0.994	6121	0.991177912105865	0.9885077512145017	0.9932319234899019
not_in_repeats_or_homopolymers	pacbio	4701556	6121	0	0	1.0	1.0	1.0	6121	1.0	0.9993727837794204	0.9999999999999998
not_in_repeats_or_homopolymers	ont	4701556	5809	29	312	0.995	0.949	0.9715	6121	0.9490279366116647	0.9432308459796717	0.9542617520329855
low_mappability	illumina	112100	282	7	37	0.9758	0.884	0.9276	319	0.8840125391849529	0.8442156278295168	0.9146704636778973
low_mappability	pacbio	112100	319	0	0	1.0	1.0	1.0	319	1.0	0.9881006660851637	1.0
low_mappability	ont	112100	299	4	20	0.9868	0.9373	0.9614	319	0.9373040752351097	0.9051496812717955	0.9590512147713414
not_low_mappability	illumina	4802259	6686	43	49	0.9936	0.9927	0.9932	6735	0.992724573125464	0.9903952204983485	0.9944921524293665
not_low_mappability	pacbio	4802259	6724	9	11	0.9987	0.9984	0.9985	6735	0.9983667409057164	0.9970775193595909	0.9990877562865974
not_low_mappability	ont	4802259	5766	170	969	0.9714	0.8561	0.9101	6735	0.8561247216035635	0.8475396132090564	0.8643037991661507
gc_extreme_lt25_gt65	illumina	238242	352	5	4	0.986	0.9888	0.9874	356	0.9887640449438202	0.9714699959519054	0.995622191277142
gc_extreme_lt25_gt65	pacbio	238242	354	1	2	0.9972	0.9944	0.9958	356	0.9943820224719101	0.9797501635722361	0.9984580258088693
gc_extreme_lt25_gt65	ont	238242	297	7	59	0.977	0.8343	0.9	356	0.8342696629213483	0.7921159287487067	0.8692861992987453
gc_normal_30to55	illumina	3722481	5204	34	61	0.9935	0.9884	0.991	5265	0.9884140550807218	0.9851465103272957	0.9909693782201984
gc_normal_30to55	pacbio	3722481	5258	8	7	0.9985	0.9987	0.9986	5265	0.998670465337132	0.9972579274607332	0.9993558253611394
gc_normal_30to55	ont	3722481	4603	100	662	0.9787	0.8743	0.9236	5265	0.8742640075973409	0.8650343588460888	0.8829478921291539
not_in_segdups	illumina	4891158	6957	50	86	0.9929	0.9878	0.9903	7043	0.9877892943348006	0.984945367802351	0.9901013822196731
not_in_segdups	pacbio	4891158	7032	9	11	0.9987	0.9984	0.9986	7043	0.9984381655544512	0.9972052221361385	0.9991276598176717
not_in_segdups	ont	4891158	6055	172	988	0.9724	0.8597	0.9126	7043	0.8597188697998012	0.8514119691489854	0.8676335675067552
segdups	illumina	23201	12	0	0	1.0	1.0	1.0	12	1.0	0.7574992425007574	1.0
segdups	pacbio	23201	12	0	0	1.0	1.0	1.0	12	1.0	0.7574992425007574	1.0
segdups	ont	23201	11	1	1	0.9167	0.9167	0.9167	12	0.9166666666666666	0.6461140782014047	0.9851352905492264
hard_lowmap_or_segdup	illumina	130401	292	7	37	0.9766	0.8875	0.9299	329	0.8875379939209727	0.8488299377522902	0.9173002575117634
hard_lowmap_or_segdup	pacbio	130401	329	0	0	1.0	1.0	1.0	329	1.0	0.9884581734975434	0.9999999999999999
hard_lowmap_or_segdup	ont	130401	308	5	21	0.984	0.9362	0.9595	329	0.9361702127659575	0.9043959423311723	0.9578760813581741
all_benchmark_regions	illumina_bt2	4914359	6867	43	188	0.9938	0.9734	0.9835	7055	0.9733522324592487	0.9693286833723684	0.9768605610498324
all_benchmark_regions	ont_wm	4914359	6104	220	951	0.9652	0.8652	0.9125	7055	0.8652019844082212	0.8570338444991857	0.8729726200175986
all_benchmark_regions	pacbio_wm	4914359	7046	10	9	0.9986	0.9987	0.9987	7055	0.9987243090007087	0.997577079260049	0.9993287019944844
homopolymer_4to6	illumina_bt2	1352416	1766	10	56	0.9944	0.9693	0.9817	1822	0.969264544456641	0.960298787529237	0.9762556211335955
homopolymer_4to6	ont_wm	1352416	1507	68	315	0.9569	0.8271	0.8873	1822	0.827113062568606	0.8090656132020184	0.8437840096787399
homopolymer_4to6	pacbio_wm	1352416	1820	3	2	0.9984	0.9989	0.9986	1822	0.9989023051591658	0.9960062862673945	0.9996989271530908
homopolymer_7to11	illumina_bt2	82045	344	3	13	0.9914	0.9636	0.9773	357	0.9635854341736695	0.9387020940483238	0.9785979068384919
homopolymer_7to11	ont_wm	82045	84	132	273	0.3889	0.2353	0.2932	357	0.23529411764705882	0.19425422478980361	0.28197024600292103
homopolymer_7to11	pacbio_wm	82045	357	0	0	1.0	1.0	1.0	357	1.0	0.9893537773915203	1.0
homopolymer_ge12	illumina_bt2	13421	207	8	22	0.9628	0.9039	0.9324	229	0.9039301310043668	0.8588317571836135	0.9356998041868632
homopolymer_ge12	ont_wm	13421	14	47	215	0.2295	0.0611	0.0966	229	0.0611353711790393	0.03676246396586869	0.09998973151809981
homopolymer_ge12	pacbio_wm	13421	226	4	3	0.9828	0.9869	0.9848	229	0.9868995633187773	0.9621977095122407	0.9955349293289284
tandem_repeats	illumina_bt2	94128	291	13	32	0.9578	0.9009	0.9285	323	0.9009287925696594	0.8634857246897275	0.9289470623239205
tandem_repeats	ont_wm	94128	150	1	173	0.9934	0.4644	0.6329	323	0.46439628482972134	0.4107434900590864	0.5188860307852613
tandem_repeats	pacbio_wm	94128	318	5	5	0.9847	0.9845	0.9846	323	0.9845201238390093	0.964280067325863	0.9933703664010555
not_in_repeats_or_homopolymers	illumina_bt2	4701556	5999	19	122	0.9968	0.9801	0.9884	6121	0.9800686162391766	0.9762542794834197	0.9832807393487408
not_in_repeats_or_homopolymers	ont_wm	4701556	5840	34	281	0.9942	0.9541	0.9737	6121	0.9540924685508904	0.9485585393789864	0.959056769398958
not_in_repeats_or_homopolymers	pacbio_wm	4701556	6120	1	1	0.9998	0.9998	0.9998	6121	0.9998366280019605	0.9990750837320262	0.9999711609904495
low_mappability	illumina_bt2	112100	263	8	56	0.9705	0.8245	0.8915	319	0.8244514106583072	0.7789119879193005	0.8622693220481881
low_mappability	ont_wm	112100	300	5	19	0.9836	0.9404	0.9615	319	0.9404388714733543	0.9088542167397211	0.9615416678055173
low_mappability	pacbio_wm	112100	319	0	0	1.0	1.0	1.0	319	1.0	0.9881006660851637	1.0
not_low_mappability	illumina_bt2	4802259	6603	35	132	0.9947	0.9804	0.9875	6735	0.9804008908685968	0.976806057794036	0.9834480013012245
not_low_mappability	ont_wm	4802259	5803	216	932	0.9641	0.8616	0.91	6735	0.8616184112843356	0.8531652675641441	0.8696592606158922
not_low_mappability	pacbio_wm	4802259	6726	10	9	0.9985	0.9987	0.9986	6735	0.9986636971046771	0.9974620498243321	0.9992967996491442
gc_extreme_lt25_gt65	illumina_bt2	238242	346	4	10	0.9886	0.9719	0.9802	356	0.9719101123595506	0.949072082894622	0.9846720978782515
gc_extreme_lt25_gt65	ont_wm	238242	300	10	56	0.9677	0.8427	0.9009	356	0.8426966292134831	0.8012417721821093	0.8768343590934297
gc_extreme_lt25_gt65	pacbio_wm	238242	353	2	3	0.9944	0.9916	0.993	356	0.9915730337078652	0.9755201222248595	0.9971300660802169
gc_normal_30to55	illumina_bt2	3722481	5127	36	138	0.993	0.9738	0.9833	5265	0.9737891737891737	0.9691160045837764	0.9777714478687701
gc_normal_30to55	ont_wm	3722481	4631	129	634	0.9729	0.8796	0.9239	5265	0.8795821462488129	0.8705131895536592	0.8880975836379282
gc_normal_30to55	pacbio_wm	3722481	5259	7	6	0.9987	0.9989	0.9988	5265	0.9988603988603989	0.9975157265655482	0.9994776163354796
not_in_segdups	illumina_bt2	4891158	6855	43	188	0.9938	0.9733	0.9834	7043	0.9733068294760755	0.9692765410012009	0.9768210695935936
not_in_segdups	ont_wm	4891158	6094	219	949	0.9653	0.8653	0.9125	7043	0.8652562828340196	0.857082342837222	0.8730319824230478
not_in_segdups	pacbio_wm	4891158	7034	10	9	0.9986	0.9987	0.9987	7043	0.998722135453642	0.9975729541536992	0.9993275579849589
segdups	illumina_bt2	23201	12	0	0	1.0	1.0	1.0	12	1.0	0.7574992425007574	1.0
segdups	ont_wm	23201	10	1	2	0.9091	0.8333	0.8696	12	0.8333333333333334	0.5519636426153274	0.9530358523851776
segdups	pacbio_wm	23201	12	0	0	1.0	1.0	1.0	12	1.0	0.7574992425007574	1.0
hard_lowmap_or_segdup	illumina_bt2	130401	273	8	56	0.9715	0.8298	0.8951	329	0.8297872340425532	0.7854264761235026	0.8665352978855154
hard_lowmap_or_segdup	ont_wm	130401	308	6	21	0.9809	0.9362	0.958	329	0.9361702127659575	0.9043959423311723	0.9578760813581741
hard_lowmap_or_segdup	pacbio_wm	130401	329	0	0	1.0	1.0	1.0	329	1.0	0.9884581734975434	0.9999999999999999
