stratum	platform	bases	truth_TP	FP	FN	precision	sensitivity	F
all_benchmark_regions	illumina	4914359	6969	50	86	0.9929	0.9878	0.9903
all_benchmark_regions	pacbio	4914359	7044	9	11	0.9987	0.9984	0.9986
all_benchmark_regions	ont	4914359	6066	173	989	0.9723	0.8598	0.9126
homopolymer_4to6	illumina	1352416	1795	17	27	0.9906	0.9852	0.9879
homopolymer_4to6	pacbio	1352416	1821	0	1	1.0000	0.9995	0.9997
homopolymer_4to6	ont	1352416	1488	56	334	0.9638	0.8167	0.8841
homopolymer_7to11	illumina	82045	355	2	2	0.9944	0.9944	0.9944
homopolymer_7to11	pacbio	82045	355	1	2	0.9972	0.9944	0.9958
homopolymer_7to11	ont	82045	83	107	274	0.4368	0.2325	0.3035
homopolymer_ge12	illumina	13421	212	15	17	0.9339	0.9258	0.9298
homopolymer_ge12	pacbio	13421	223	2	6	0.9911	0.9738	0.9824
homopolymer_ge12	ont	13421	13	31	216	0.2955	0.0568	0.0952
tandem_repeats	illumina	94128	310	14	13	0.9569	0.9598	0.9583
tandem_repeats	pacbio	94128	319	6	4	0.9816	0.9876	0.9846
tandem_repeats	ont	94128	146	2	177	0.9865	0.4520	0.6200
not_in_repeats_or_homopolymers	illumina	4701556	6067	19	54	0.9969	0.9912	0.9940
not_in_repeats_or_homopolymers	pacbio	4701556	6121	0	0	1.0000	1.0000	1.0000
not_in_repeats_or_homopolymers	ont	4701556	5809	29	312	0.9950	0.9490	0.9715
low_mappability	illumina	112100	282	7	37	0.9758	0.8840	0.9276
low_mappability	pacbio	112100	319	0	0	1.0000	1.0000	1.0000
low_mappability	ont	112100	299	4	20	0.9868	0.9373	0.9614
not_low_mappability	illumina	4802259	6686	43	49	0.9936	0.9927	0.9932
not_low_mappability	pacbio	4802259	6724	9	11	0.9987	0.9984	0.9985
not_low_mappability	ont	4802259	5766	170	969	0.9714	0.8561	0.9101
gc_extreme_lt25_gt65	illumina	238242	352	5	4	0.9860	0.9888	0.9874
gc_extreme_lt25_gt65	pacbio	238242	354	1	2	0.9972	0.9944	0.9958
gc_extreme_lt25_gt65	ont	238242	297	7	59	0.9770	0.8343	0.9000
gc_normal_30to55	illumina	3722481	5204	34	61	0.9935	0.9884	0.9910
gc_normal_30to55	pacbio	3722481	5258	8	7	0.9985	0.9987	0.9986
gc_normal_30to55	ont	3722481	4603	100	662	0.9787	0.8743	0.9236
not_in_segdups	illumina	4891158	6957	50	86	0.9929	0.9878	0.9903
not_in_segdups	pacbio	4891158	7032	9	11	0.9987	0.9984	0.9986
not_in_segdups	ont	4891158	6055	172	988	0.9724	0.8597	0.9126
